LISTING_ID,CHANGE_AT,AMENITIES
3781,2008-12-03 00:00:00.000000000,"[
  ""Oven"",
  ""Washer"",
  ""Dishwasher"",
  ""Free street parking"",
  ""Bed linens"",
  ""Wifi"",
  ""Shampoo"",
  ""Stove"",
  ""Cable TV"",
  ""Microwave"",
  ""Carbon monoxide alarm"",
  ""Dryer"",
  ""Heating"",
  ""Hair dryer"",
  ""Hot water"",
  ""Refrigerator"",
  ""Iron"",
  ""Hangers"",
  ""Cooking basics"",
  ""Coffee maker"",
  ""Dedicated workspace"",
  ""Extra pillows and blankets"",
  ""TV with standard cable"",
  ""Essentials"",
  ""Kitchen"",
  ""Long term stays allowed"",
  ""Patio or balcony"",
  ""Smoke alarm""
]"
3781,2021-01-14 00:00:00.000000000,"[
  ""Oven"",
  ""Washer"",
  ""Dishwasher"",
  ""Free street parking"",
  ""Bed linens"",
  ""Wifi"",
  ""Shampoo"",
  ""Stove"",
  ""Cable TV"",
  ""Microwave"",
  ""Carbon monoxide alarm"",
  ""Dryer"",
  ""Free parking on premises"",
  ""Heating"",
  ""Hair dryer"",
  ""Hot water"",
  ""Refrigerator"",
  ""Iron"",
  ""Hangers"",
  ""Cooking basics"",
  ""Coffee maker"",
  ""Dedicated workspace"",
  ""Extra pillows and blankets"",
  ""TV with standard cable"",
  ""Air conditioning"",
  ""Essentials"",
  ""Kitchen"",
  ""Long term stays allowed"",
  ""Patio or balcony"",
  ""Dishes and silverware"",
  ""Smoke alarm""
]"
5506,2021-04-28 00:00:00.000000000,"[
  ""Washer"",
  ""Free street parking"",
  ""First aid kit"",
  ""Fire extinguisher"",
  ""Bed linens"",
  ""Wifi"",
  ""Shampoo"",
  ""Cable TV"",
  ""Luggage dropoff allowed"",
  ""Microwave"",
  ""Carbon monoxide alarm"",
  ""Dryer"",
  ""Keypad"",
  ""Heating"",
  ""Hair dryer"",
  ""Hot water"",
  ""Refrigerator"",
  ""Iron"",
  ""Private entrance"",
  ""Hangers"",
  ""Coffee maker"",
  ""Dedicated workspace"",
  ""Extra pillows and blankets"",
  ""TV with standard cable"",
  ""Air conditioning"",
  ""Bathtub"",
  ""Essentials"",
  ""Long term stays allowed"",
  ""Dishes and silverware"",
  ""Smoke alarm""
]"
5506,2009-02-19 00:00:00.000000000,"[
  ""Washer"",
  ""Free street parking"",
  ""First aid kit"",
  ""Fire extinguisher"",
  ""Bed linens"",
  ""Wifi"",
  ""Shampoo"",
  ""Cable TV"",
  ""Luggage dropoff allowed"",
  ""Microwave"",
  ""Carbon monoxide alarm"",
  ""Dryer"",
  ""Keypad"",
  ""Heating"",
  ""Hair dryer"",
  ""Hot water"",
  ""Refrigerator"",
  ""Iron"",
  ""Private entrance"",
  ""Hangers"",
  ""Coffee maker"",
  ""Dedicated workspace"",
  ""Extra pillows and blankets"",
  ""TV with standard cable"",
  ""Bathtub"",
  ""Essentials"",
  ""Long term stays allowed"",
  ""Smoke alarm""
]"
6695,2009-02-19 00:00:00.000000000,"[
  ""Oven"",
  ""Washer"",
  ""Dishwasher"",
  ""Free street parking"",
  ""Fire extinguisher"",
  ""Wifi"",
  ""Shampoo"",
  ""Stove"",
  ""Cable TV"",
  ""Luggage dropoff allowed"",
  ""Microwave"",
  ""Carbon monoxide alarm"",
  ""Dryer"",
  ""Keypad"",
  ""Heating"",
  ""Hair dryer"",
  ""Hot water"",
  ""Refrigerator"",
  ""Iron"",
  ""Hangers"",
  ""Cooking basics"",
  ""Coffee maker"",
  ""Dedicated workspace"",
  ""TV with standard cable"",
  ""Essentials"",
  ""Kitchen"",
  ""Long term stays allowed"",
  ""Smoke alarm""
]"
6695,2020-11-23 00:00:00.000000000,"[
  ""Oven"",
  ""Washer"",
  ""Dishwasher"",
  ""Free street parking"",
  ""Fire extinguisher"",
  ""Wifi"",
  ""Shampoo"",
  ""Stove"",
  ""Cable TV"",
  ""Luggage dropoff allowed"",
  ""Microwave"",
  ""Carbon monoxide alarm"",
  ""Dryer"",
  ""Keypad"",
  ""Heating"",
  ""Hair dryer"",
  ""Hot water"",
  ""Refrigerator"",
  ""Iron"",
  ""Hangers"",
  ""Cooking basics"",
  ""Coffee maker"",
  ""Dedicated workspace"",
  ""TV with standard cable"",
  ""Air conditioning"",
  ""Essentials"",
  ""Kitchen"",
  ""Long term stays allowed"",
  ""Dishes and silverware"",
  ""Smoke alarm""
]"
10813,2021-02-03 00:00:00.000000000,"[
  ""Dishwasher"",
  ""Fire extinguisher"",
  ""Wifi"",
  ""Shampoo"",
  ""Stove"",
  ""Cable TV"",
  ""Microwave"",
  ""Carbon monoxide alarm"",
  ""Heating"",
  ""Hair dryer"",
  ""Hot water"",
  ""Refrigerator"",
  ""Iron"",
  ""Hangers"",
  ""Cooking basics"",
  ""Coffee maker"",
  ""Dedicated workspace"",
  ""TV with standard cable"",
  ""Air conditioning"",
  ""Essentials"",
  ""Kitchen"",
  ""Long term stays allowed"",
  ""Dishes and silverware"",
  ""Smoke alarm""
]"
10813,2009-09-16 00:00:00.000000000,"[
  ""Dishwasher"",
  ""Fire extinguisher"",
  ""Wifi"",
  ""Shampoo"",
  ""Stove"",
  ""Cable TV"",
  ""Microwave"",
  ""Carbon monoxide alarm"",
  ""Heating"",
  ""Hair dryer"",
  ""Hot water"",
  ""Refrigerator"",
  ""Iron"",
  ""Hangers"",
  ""Cooking basics"",
  ""Coffee maker"",
  ""Dedicated workspace"",
  ""TV with standard cable"",
  ""Essentials"",
  ""Kitchen"",
  ""Long term stays allowed"",
  ""Smoke alarm""
]"
10986,2021-06-27 00:00:00.000000000,"[
  ""Lockbox"",
  ""Dishwasher"",
  ""Fire extinguisher"",
  ""Bed linens"",
  ""Wifi"",
  ""Cable TV"",
  ""Microwave"",
  ""Carbon monoxide alarm"",
  ""Heating"",
  ""Hot water"",
  ""Refrigerator"",
  ""Hangers"",
  ""Cooking basics"",
  ""Coffee maker"",
  ""Dedicated workspace"",
  ""TV with standard cable"",
  ""Air conditioning"",
  ""Essentials"",
  ""Kitchen"",
  ""Long term stays allowed"",
  ""Dishes and silverware"",
  ""Smoke alarm""
]"
10986,2009-09-16 00:00:00.000000000,"[
  ""Lockbox"",
  ""Dishwasher"",
  ""Fire extinguisher"",
  ""Bed linens"",
  ""Wifi"",
  ""Cable TV"",
  ""Microwave"",
  ""Carbon monoxide alarm"",
  ""Heating"",
  ""Hot water"",
  ""Refrigerator"",
  ""Hangers"",
  ""Cooking basics"",
  ""Coffee maker"",
  ""Dedicated workspace"",
  ""TV with standard cable"",
  ""Essentials"",
  ""Kitchen"",
  ""Long term stays allowed"",
  ""Smoke alarm""
]"
13247,2020-07-24 00:00:00.000000000,"[
  ""Oven"",
  ""Electric stove"",
  ""Washer"",
  ""Dishwasher"",
  ""Freezer"",
  ""Fire extinguisher"",
  ""Bed linens"",
  ""Wifi"",
  ""Cable TV"",
  ""Microwave"",
  ""Carbon monoxide alarm"",
  ""Dryer"",
  ""Heating"",
  ""Hair dryer"",
  ""Hot water"",
  ""Refrigerator"",
  ""Iron"",
  ""Hangers"",
  ""Cooking basics"",
  ""Coffee maker"",
  ""TV with standard cable"",
  ""Air conditioning"",
  ""Bathtub"",
  ""Essentials"",
  ""Kitchen"",
  ""Long term stays allowed"",
  ""Dishes and silverware"",
  ""Smoke alarm""
]"
13247,2009-11-05 00:00:00.000000000,"[
  ""Oven"",
  ""Electric stove"",
  ""Washer"",
  ""Dishwasher"",
  ""Freezer"",
  ""Fire extinguisher"",
  ""Bed linens"",
  ""Wifi"",
  ""Cable TV"",
  ""Microwave"",
  ""Carbon monoxide alarm"",
  ""Dryer"",
  ""Heating"",
  ""Hair dryer"",
  ""Hot water"",
  ""Refrigerator"",
  ""Iron"",
  ""Hangers"",
  ""Cooking basics"",
  ""Coffee maker"",
  ""TV with standard cable"",
  ""Bathtub"",
  ""Essentials"",
  ""Kitchen"",
  ""Long term stays allowed"",
  ""Smoke alarm""
]"
22354,2021-04-30 00:00:00.000000000,"[
  ""Hot water"",
  ""Air conditioning"",
  ""Essentials"",
  ""Long term stays allowed"",
  ""Wifi"",
  ""Heating"",
  ""Smoke alarm""
]"
22354,2010-02-26 00:00:00.000000000,"[
  ""Hot water"",
  ""Essentials"",
  ""Long term stays allowed"",
  ""Wifi"",
  ""Heating"",
  ""Smoke alarm""
]"
60029,2020-09-02 00:00:00.000000000,"[
  ""Hot water"",
  ""Refrigerator"",
  ""Host greets you"",
  ""Extra pillows and blankets"",
  ""Iron"",
  ""Smoke alarm"",
  ""Hangers"",
  ""Free street parking"",
  ""First aid kit"",
  ""Essentials"",
  ""Heating"",
  ""Bed linens"",
  ""Carbon monoxide alarm"",
  ""Fire extinguisher"",
  ""Backyard"",
  ""Long term stays allowed"",
  ""Wifi"",
  ""Hair dryer"",
  ""Shampoo"",
  ""Dedicated workspace""
]"
60029,2010-10-06 00:00:00.000000000,"[
  ""Hot water"",
  ""Refrigerator"",
  ""Host greets you"",
  ""Extra pillows and blankets"",
  ""Iron"",
  ""Smoke alarm"",
  ""Hangers"",
  ""Free street parking"",
  ""First aid kit"",
  ""Essentials"",
  ""Heating"",
  ""Bed linens"",
  ""Carbon monoxide alarm"",
  ""Fire extinguisher"",
  ""Backyard"",
  ""Long term stays allowed"",
  ""Wifi"",
  ""Hair dryer"",
  ""Shampoo"",
  ""Dedicated workspace""
]"
69369,2010-10-06 00:00:00.000000000,"[
  ""Host greets you"",
  ""Washer"",
  ""Free street parking"",
  ""First aid kit"",
  ""Fire extinguisher"",
  ""Bed linens"",
  ""Wifi"",
  ""Carbon monoxide alarm"",
  ""Dryer"",
  ""Heating"",
  ""Hair dryer"",
  ""Hot water"",
  ""Refrigerator"",
  ""Iron"",
  ""Backyard"",
  ""Cooking basics"",
  ""Dedicated workspace"",
  ""Extra pillows and blankets"",
  ""Essentials"",
  ""Long term stays allowed"",
  ""Smoke alarm""
]"
69369,2020-08-01 00:00:00.000000000,"[
  ""Host greets you"",
  ""Washer"",
  ""Free street parking"",
  ""First aid kit"",
  ""Fire extinguisher"",
  ""Bed linens"",
  ""Wifi"",
  ""Carbon monoxide alarm"",
  ""Dryer"",
  ""Heating"",
  ""Hair dryer"",
  ""Hot water"",
  ""Refrigerator"",
  ""Iron"",
  ""Backyard"",
  ""Cooking basics"",
  ""Dedicated workspace"",
  ""Extra pillows and blankets"",
  ""Essentials"",
  ""Long term stays allowed"",
  ""Dishes and silverware"",
  ""Smoke alarm""
]"
77681,2011-03-01 00:00:00.000000000,"[
  ""Washer"",
  ""Breakfast"",
  ""Hot tub"",
  ""Dryer"",
  ""TV"",
  ""Kitchen"",
  ""Long term stays allowed"",
  ""Wifi"",
  ""Heating""
]"
77681,2021-02-28 00:00:00.000000000,"[
  ""Washer"",
  ""Breakfast"",
  ""Air conditioning"",
  ""Hot tub"",
  ""Dryer"",
  ""TV"",
  ""Kitchen"",
  ""Long term stays allowed"",
  ""Wifi"",
  ""Heating""
]"
163941,2009-02-19 00:00:00.000000000,"[
  ""Oven"",
  ""Washer"",
  ""Free street parking"",
  ""Fire extinguisher"",
  ""Bed linens"",
  ""Wifi"",
  ""Shampoo"",
  ""Stove"",
  ""Cable TV"",
  ""Luggage dropoff allowed"",
  ""Microwave"",
  ""Carbon monoxide alarm"",
  ""Dryer"",
  ""Keypad"",
  ""Heating"",
  ""Hair dryer"",
  ""Hot water"",
  ""Refrigerator"",
  ""Iron"",
  ""Private entrance"",
  ""Hangers"",
  ""Cooking basics"",
  ""Coffee maker"",
  ""Dedicated workspace"",
  ""Extra pillows and blankets"",
  ""TV with standard cable"",
  ""Essentials"",
  ""Kitchen"",
  ""Long term stays allowed"",
  ""Patio or balcony"",
  ""Smoke alarm""
]"
163941,2021-01-31 00:00:00.000000000,"[
  ""Oven"",
  ""Washer"",
  ""Free street parking"",
  ""Fire extinguisher"",
  ""Bed linens"",
  ""Wifi"",
  ""Shampoo"",
  ""Stove"",
  ""Cable TV"",
  ""Luggage dropoff allowed"",
  ""Microwave"",
  ""Carbon monoxide alarm"",
  ""Dryer"",
  ""Keypad"",
  ""Heating"",
  ""Hair dryer"",
  ""Hot water"",
  ""Refrigerator"",
  ""Iron"",
  ""Private entrance"",
  ""Hangers"",
  ""Cooking basics"",
  ""Coffee maker"",
  ""Dedicated workspace"",
  ""Extra pillows and blankets"",
  ""TV with standard cable"",
  ""Air conditioning"",
  ""Essentials"",
  ""Kitchen"",
  ""Long term stays allowed"",
  ""Patio or balcony"",
  ""Dishes and silverware"",
  ""Smoke alarm""
]"
182613,2011-07-26 00:00:00.000000000,"[
  ""Lockbox"",
  ""Host greets you"",
  ""Oven"",
  ""Washer"",
  ""Dishwasher"",
  ""Free street parking"",
  ""First aid kit"",
  ""Fire extinguisher"",
  ""Bed linens"",
  ""Babysitter recommendations"",
  ""Wifi"",
  ""Shampoo"",
  ""Stove"",
  ""Luggage dropoff allowed"",
  ""Microwave"",
  ""Carbon monoxide alarm"",
  ""Dryer"",
  ""Heating"",
  ""Hair dryer"",
  ""Hot water"",
  ""Refrigerator"",
  ""Iron"",
  ""Hangers"",
  ""TV"",
  ""Cooking basics"",
  ""Coffee maker"",
  ""Dedicated workspace"",
  ""Ethernet connection"",
  ""Extra pillows and blankets"",
  ""Room-darkening shades"",
  ""Bathtub"",
  ""Essentials"",
  ""Kitchen"",
  ""Long term stays allowed"",
  ""Pack ’n Play/travel crib"",
  ""Smoke alarm""
]"
182613,2021-02-15 00:00:00.000000000,"[
  ""Lockbox"",
  ""Host greets you"",
  ""Oven"",
  ""Washer"",
  ""Dishwasher"",
  ""Free street parking"",
  ""First aid kit"",
  ""Fire extinguisher"",
  ""Bed linens"",
  ""Babysitter recommendations"",
  ""Wifi"",
  ""Shampoo"",
  ""Stove"",
  ""Luggage dropoff allowed"",
  ""Microwave"",
  ""Carbon monoxide alarm"",
  ""Dryer"",
  ""Free parking on premises"",
  ""Heating"",
  ""Hair dryer"",
  ""Hot water"",
  ""Refrigerator"",
  ""Iron"",
  ""Hangers"",
  ""TV"",
  ""Cooking basics"",
  ""Coffee maker"",
  ""Dedicated workspace"",
  ""Ethernet connection"",
  ""Extra pillows and blankets"",
  ""Room-darkening shades"",
  ""Air conditioning"",
  ""Bathtub"",
  ""Essentials"",
  ""Kitchen"",
  ""Long term stays allowed"",
  ""Pack ’n Play/travel crib"",
  ""Dishes and silverware"",
  ""Smoke alarm""
]"
210097,2011-08-29 00:00:00.000000000,"[
  ""Host greets you"",
  ""Oven"",
  ""Body soap"",
  ""Lake access"",
  ""Free street parking"",
  ""First aid kit"",
  ""Fire extinguisher"",
  ""Bed linens"",
  ""Laundromat nearby"",
  ""Wifi"",
  ""Shampoo"",
  ""Stove"",
  ""Cable TV"",
  ""Microwave"",
  ""Carbon monoxide alarm"",
  ""Heating"",
  ""Hair dryer"",
  ""Hot water"",
  ""Refrigerator"",
  ""Iron"",
  ""Private entrance"",
  ""Hangers"",
  ""Cooking basics"",
  ""Beach essentials"",
  ""Coffee maker"",
  ""Dedicated workspace"",
  ""Extra pillows and blankets"",
  ""TV with standard cable"",
  ""Portable fans"",
  ""Sound system"",
  ""Conditioner"",
  ""Essentials"",
  ""Kitchen"",
  ""Long term stays allowed"",
  ""Patio or balcony"",
  ""Smoke alarm""
]"
210097,2020-12-10 00:00:00.000000000,"[
  ""Host greets you"",
  ""Oven"",
  ""Body soap"",
  ""Lake access"",
  ""Free street parking"",
  ""First aid kit"",
  ""Fire extinguisher"",
  ""Bed linens"",
  ""Laundromat nearby"",
  ""Wifi"",
  ""Shampoo"",
  ""Stove"",
  ""Cable TV"",
  ""Microwave"",
  ""Carbon monoxide alarm"",
  ""Heating"",
  ""Hair dryer"",
  ""Hot water"",
  ""Refrigerator"",
  ""Iron"",
  ""Private entrance"",
  ""Hangers"",
  ""Cooking basics"",
  ""Beach essentials"",
  ""Coffee maker"",
  ""Dedicated workspace"",
  ""Extra pillows and blankets"",
  ""TV with standard cable"",
  ""Portable fans"",
  ""Sound system"",
  ""Air conditioning"",
  ""Conditioner"",
  ""Essentials"",
  ""Kitchen"",
  ""Long term stays allowed"",
  ""Patio or balcony"",
  ""Dishes and silverware"",
  ""Smoke alarm""
]"
220676,2011-09-11 00:00:00.000000000,"[
  ""Washer"",
  ""First aid kit"",
  ""Fire extinguisher"",
  ""Wifi"",
  ""Shampoo"",
  ""Luggage dropoff allowed"",
  ""Carbon monoxide alarm"",
  ""Dryer"",
  ""Keypad"",
  ""Heating"",
  ""Hair dryer"",
  ""Hot water"",
  ""Refrigerator"",
  ""Iron"",
  ""Hangers"",
  ""Lock on bedroom door"",
  ""Paid parking off premises"",
  ""Dedicated workspace"",
  ""Essentials"",
  ""Long term stays allowed"",
  ""Smoke alarm""
]"
220676,2020-08-21 00:00:00.000000000,"[
  ""Washer"",
  ""First aid kit"",
  ""Fire extinguisher"",
  ""Wifi"",
  ""Shampoo"",
  ""Luggage dropoff allowed"",
  ""Carbon monoxide alarm"",
  ""Dryer"",
  ""Keypad"",
  ""Heating"",
  ""Hair dryer"",
  ""Hot water"",
  ""Refrigerator"",
  ""Iron"",
  ""Hangers"",
  ""Lock on bedroom door"",
  ""Paid parking off premises"",
  ""Dedicated workspace"",
  ""Air conditioning"",
  ""Essentials"",
  ""Long term stays allowed"",
  ""Smoke alarm""
]"
257588,2011-10-31 00:00:00.000000000,"[
  ""Toaster"",
  ""Oven"",
  ""Washer"",
  ""Body soap"",
  ""Wine glasses"",
  ""Freezer"",
  ""Dishwasher"",
  ""Free street parking"",
  ""First aid kit"",
  ""Fire extinguisher"",
  ""Bed linens"",
  ""Wifi"",
  ""Cleaning products"",
  ""Shampoo"",
  ""Stove"",
  ""Cable TV"",
  ""Luggage dropoff allowed"",
  ""Microwave"",
  ""Carbon monoxide alarm"",
  ""Dryer"",
  ""Long term stays allowed"",
  ""Keypad"",
  ""Heating"",
  ""Hair dryer"",
  ""Keurig coffee machine"",
  ""Outdoor dining area"",
  ""Hot water"",
  ""Refrigerator"",
  ""Security cameras on property"",
  ""Indoor fireplace"",
  ""Iron"",
  ""Private entrance"",
  ""Hangers"",
  ""BBQ grill"",
  ""Cooking basics"",
  ""Beach essentials"",
  ""Coffee maker"",
  ""Dedicated workspace"",
  ""Extra pillows and blankets"",
  ""TV with standard cable"",
  ""Conditioner"",
  ""Essentials"",
  ""Kitchen"",
  ""Outdoor furniture"",
  ""Patio or balcony"",
  ""Smoke alarm""
]"
257588,2020-12-26 00:00:00.000000000,"[
  ""Toaster"",
  ""Oven"",
  ""Washer"",
  ""Body soap"",
  ""Wine glasses"",
  ""Freezer"",
  ""Dishwasher"",
  ""Free street parking"",
  ""First aid kit"",
  ""Fire extinguisher"",
  ""Bed linens"",
  ""Wifi"",
  ""Cleaning products"",
  ""Shampoo"",
  ""Stove"",
  ""Cable TV"",
  ""Luggage dropoff allowed"",
  ""Microwave"",
  ""Carbon monoxide alarm"",
  ""Dryer"",
  ""Long term stays allowed"",
  ""Keypad"",
  ""Heating"",
  ""Hair dryer"",
  ""Keurig coffee machine"",
  ""Outdoor dining area"",
  ""Hot water"",
  ""Refrigerator"",
  ""Security cameras on property"",
  ""Indoor fireplace"",
  ""Iron"",
  ""Private entrance"",
  ""Hangers"",
  ""BBQ grill"",
  ""Cooking basics"",
  ""Beach essentials"",
  ""Coffee maker"",
  ""Dedicated workspace"",
  ""Extra pillows and blankets"",
  ""TV with standard cable"",
  ""Air conditioning"",
  ""Conditioner"",
  ""Essentials"",
  ""Kitchen"",
  ""Outdoor furniture"",
  ""Patio or balcony"",
  ""Dishes and silverware"",
  ""Smoke alarm""
]"
276450,2021-02-01 00:00:00.000000000,"[
  ""Oven"",
  ""Washer"",
  ""Dishwasher"",
  ""Bed linens"",
  ""Wifi"",
  ""Shampoo"",
  ""Stove"",
  ""Luggage dropoff allowed"",
  ""Microwave"",
  ""Carbon monoxide alarm"",
  ""Dryer"",
  ""Keypad"",
  ""Heating"",
  ""Hair dryer"",
  ""Hot water"",
  ""Refrigerator"",
  ""Iron"",
  ""Hangers"",
  ""TV"",
  ""Cooking basics"",
  ""Coffee maker"",
  ""Dedicated workspace"",
  ""Extra pillows and blankets"",
  ""Air conditioning"",
  ""Kitchen"",
  ""Long term stays allowed"",
  ""Dishes and silverware"",
  ""Smoke alarm""
]"
276450,2011-07-13 00:00:00.000000000,"[
  ""Oven"",
  ""Washer"",
  ""Dishwasher"",
  ""Bed linens"",
  ""Wifi"",
  ""Shampoo"",
  ""Stove"",
  ""Luggage dropoff allowed"",
  ""Microwave"",
  ""Carbon monoxide alarm"",
  ""Dryer"",
  ""Keypad"",
  ""Heating"",
  ""Hair dryer"",
  ""Hot water"",
  ""Refrigerator"",
  ""Iron"",
  ""Hangers"",
  ""TV"",
  ""Cooking basics"",
  ""Coffee maker"",
  ""Dedicated workspace"",
  ""Extra pillows and blankets"",
  ""Kitchen"",
  ""Long term stays allowed"",
  ""Smoke alarm""
]"
349347,2021-04-22 00:00:00.000000000,"[
  ""Oven"",
  ""Washer"",
  ""Dishwasher"",
  ""Bed linens"",
  ""Wifi"",
  ""Shampoo"",
  ""Stove"",
  ""Luggage dropoff allowed"",
  ""Microwave"",
  ""Carbon monoxide alarm"",
  ""Dryer"",
  ""Keypad"",
  ""Heating"",
  ""Hair dryer"",
  ""Hot water"",
  ""Refrigerator"",
  ""Iron"",
  ""Hangers"",
  ""TV"",
  ""Cooking basics"",
  ""Coffee maker"",
  ""Dedicated workspace"",
  ""Extra pillows and blankets"",
  ""Air conditioning"",
  ""Kitchen"",
  ""Long term stays allowed"",
  ""Dishes and silverware"",
  ""Smoke alarm""
]"
349347,2011-07-13 00:00:00.000000000,"[
  ""Oven"",
  ""Washer"",
  ""Dishwasher"",
  ""Bed linens"",
  ""Wifi"",
  ""Shampoo"",
  ""Stove"",
  ""Luggage dropoff allowed"",
  ""Microwave"",
  ""Carbon monoxide alarm"",
  ""Dryer"",
  ""Keypad"",
  ""Heating"",
  ""Hair dryer"",
  ""Hot water"",
  ""Refrigerator"",
  ""Iron"",
  ""Hangers"",
  ""TV"",
  ""Cooking basics"",
  ""Coffee maker"",
  ""Dedicated workspace"",
  ""Extra pillows and blankets"",
  ""Kitchen"",
  ""Long term stays allowed"",
  ""Smoke alarm""
]"
447826,2020-12-23 00:00:00.000000000,"[
  ""Host greets you"",
  ""Oven"",
  ""Lake access"",
  ""Dishwasher"",
  ""Free street parking"",
  ""First aid kit"",
  ""Fire extinguisher"",
  ""Bed linens"",
  ""Wifi"",
  ""Shampoo"",
  ""Stove"",
  ""Luggage dropoff allowed"",
  ""Microwave"",
  ""Carbon monoxide alarm"",
  ""Long term stays allowed"",
  ""Heating"",
  ""Hair dryer"",
  ""Hot water"",
  ""Refrigerator"",
  ""Iron"",
  ""Hangers"",
  ""TV"",
  ""Backyard"",
  ""Cooking basics"",
  ""Coffee maker"",
  ""Extra pillows and blankets"",
  ""Air conditioning"",
  ""Essentials"",
  ""Kitchen"",
  ""Outdoor furniture"",
  ""Patio or balcony"",
  ""Dishes and silverware"",
  ""Smoke alarm""
]"
447826,2012-04-02 00:00:00.000000000,"[
  ""Host greets you"",
  ""Oven"",
  ""Lake access"",
  ""Dishwasher"",
  ""Free street parking"",
  ""First aid kit"",
  ""Fire extinguisher"",
  ""Bed linens"",
  ""Wifi"",
  ""Shampoo"",
  ""Stove"",
  ""Luggage dropoff allowed"",
  ""Microwave"",
  ""Carbon monoxide alarm"",
  ""Long term stays allowed"",
  ""Heating"",
  ""Hair dryer"",
  ""Hot water"",
  ""Refrigerator"",
  ""Iron"",
  ""Hangers"",
  ""TV"",
  ""Backyard"",
  ""Cooking basics"",
  ""Coffee maker"",
  ""Extra pillows and blankets"",
  ""Essentials"",
  ""Kitchen"",
  ""Outdoor furniture"",
  ""Patio or balcony"",
  ""Smoke alarm""
]"
507525,2021-07-06 00:00:00.000000000,"[
  ""Washer"",
  ""Air conditioning"",
  ""Dryer"",
  ""Kitchen"",
  ""Long term stays allowed"",
  ""Wifi"",
  ""Heating""
]"
507525,2012-05-30 00:00:00.000000000,"[
  ""Washer"",
  ""Dryer"",
  ""Kitchen"",
  ""Long term stays allowed"",
  ""Wifi"",
  ""Heating""
]"
526970,2021-01-16 00:00:00.000000000,"[
  ""Hot water"",
  ""Host greets you"",
  ""TV with standard cable"",
  ""Air conditioning"",
  ""Cable TV"",
  ""Private entrance"",
  ""Luggage dropoff allowed"",
  ""Essentials"",
  ""Heating"",
  ""Paid parking off premises"",
  ""Long term stays allowed"",
  ""Wifi"",
  ""Hair dryer"",
  ""Smoke alarm""
]"
526970,2010-02-26 00:00:00.000000000,"[
  ""Hot water"",
  ""Host greets you"",
  ""TV with standard cable"",
  ""Cable TV"",
  ""Private entrance"",
  ""Luggage dropoff allowed"",
  ""Essentials"",
  ""Heating"",
  ""Paid parking off premises"",
  ""Long term stays allowed"",
  ""Wifi"",
  ""Hair dryer"",
  ""Smoke alarm""
]"
568234,2012-07-01 00:00:00.000000000,"[
  ""Lockbox"",
  ""Oven"",
  ""Washer"",
  ""Dishwasher"",
  ""Free street parking"",
  ""Fire extinguisher"",
  ""Bed linens"",
  ""Wifi"",
  ""Shampoo"",
  ""Stove"",
  ""Luggage dropoff allowed"",
  ""Microwave"",
  ""Carbon monoxide alarm"",
  ""Dryer"",
  ""Heating"",
  ""Hair dryer"",
  ""Hot water"",
  ""Refrigerator"",
  ""Iron"",
  ""Hangers"",
  ""Backyard"",
  ""Cooking basics"",
  ""Coffee maker"",
  ""Crib"",
  ""Extra pillows and blankets"",
  ""Bathtub"",
  ""Essentials"",
  ""Long term stays allowed"",
  ""Patio or balcony"",
  ""Smoke alarm""
]"
568234,2021-06-03 00:00:00.000000000,"[
  ""Lockbox"",
  ""Oven"",
  ""Washer"",
  ""Dishwasher"",
  ""Free street parking"",
  ""Fire extinguisher"",
  ""Bed linens"",
  ""Wifi"",
  ""Shampoo"",
  ""Stove"",
  ""Luggage dropoff allowed"",
  ""Microwave"",
  ""Carbon monoxide alarm"",
  ""Dryer"",
  ""Heating"",
  ""Hair dryer"",
  ""Hot water"",
  ""Refrigerator"",
  ""Iron"",
  ""Hangers"",
  ""Backyard"",
  ""Cooking basics"",
  ""Coffee maker"",
  ""Crib"",
  ""Extra pillows and blankets"",
  ""Air conditioning"",
  ""Bathtub"",
  ""Essentials"",
  ""Long term stays allowed"",
  ""Patio or balcony"",
  ""Dishes and silverware"",
  ""Smoke alarm""
]"
583255,2020-08-21 00:00:00.000000000,"[
  ""Washer"",
  ""Air conditioning"",
  ""Iron"",
  ""Smoke alarm"",
  ""Hangers"",
  ""First aid kit"",
  ""Essentials"",
  ""Dryer"",
  ""Heating"",
  ""Carbon monoxide alarm"",
  ""Fire extinguisher"",
  ""Kitchen"",
  ""Long term stays allowed"",
  ""Wifi"",
  ""Hair dryer"",
  ""Shampoo"",
  ""Dedicated workspace""
]"
583255,2010-12-01 00:00:00.000000000,"[
  ""Washer"",
  ""Iron"",
  ""Smoke alarm"",
  ""Hangers"",
  ""First aid kit"",
  ""Essentials"",
  ""Dryer"",
  ""Heating"",
  ""Carbon monoxide alarm"",
  ""Fire extinguisher"",
  ""Kitchen"",
  ""Long term stays allowed"",
  ""Wifi"",
  ""Hair dryer"",
  ""Shampoo"",
  ""Dedicated workspace""
]"
611081,2012-07-23 00:00:00.000000000,"[
  ""Extra pillows and blankets"",
  ""Security cameras on property"",
  ""Iron"",
  ""Smoke alarm"",
  ""Hangers"",
  ""Paid parking on premises"",
  ""First aid kit"",
  ""Essentials"",
  ""Heating"",
  ""Bed linens"",
  ""TV"",
  ""Carbon monoxide alarm"",
  ""Fire extinguisher"",
  ""Kitchen"",
  ""Long term stays allowed"",
  ""Wifi"",
  ""Hair dryer"",
  ""Shampoo""
]"
611081,2020-12-25 00:00:00.000000000,"[
  ""Extra pillows and blankets"",
  ""Security cameras on property"",
  ""Air conditioning"",
  ""Iron"",
  ""Smoke alarm"",
  ""Hangers"",
  ""Paid parking on premises"",
  ""First aid kit"",
  ""Essentials"",
  ""Heating"",
  ""Bed linens"",
  ""TV"",
  ""Carbon monoxide alarm"",
  ""Fire extinguisher"",
  ""Kitchen"",
  ""Long term stays allowed"",
  ""Wifi"",
  ""Hair dryer"",
  ""Shampoo""
]"
743211,2021-07-04 00:00:00.000000000,"[
  ""Lockbox"",
  ""Oven"",
  ""Washer"",
  ""Dishwasher"",
  ""Free street parking"",
  ""Fire extinguisher"",
  ""Bed linens"",
  ""Wifi"",
  ""Shampoo"",
  ""Stove"",
  ""Luggage dropoff allowed"",
  ""Microwave"",
  ""Carbon monoxide alarm"",
  ""Dryer"",
  ""Heating"",
  ""Hair dryer"",
  ""Hot water"",
  ""Refrigerator"",
  ""Indoor fireplace"",
  ""Iron"",
  ""Private entrance"",
  ""Hangers"",
  ""TV"",
  ""Backyard"",
  ""Cooking basics"",
  ""Coffee maker"",
  ""Dedicated workspace"",
  ""Extra pillows and blankets"",
  ""Air conditioning"",
  ""Essentials"",
  ""Kitchen"",
  ""Long term stays allowed"",
  ""Patio or balcony"",
  ""Dishes and silverware"",
  ""Smoke alarm""
]"
743211,2012-07-01 00:00:00.000000000,"[
  ""Lockbox"",
  ""Oven"",
  ""Washer"",
  ""Dishwasher"",
  ""Free street parking"",
  ""Fire extinguisher"",
  ""Bed linens"",
  ""Wifi"",
  ""Shampoo"",
  ""Stove"",
  ""Luggage dropoff allowed"",
  ""Microwave"",
  ""Carbon monoxide alarm"",
  ""Dryer"",
  ""Heating"",
  ""Hair dryer"",
  ""Hot water"",
  ""Refrigerator"",
  ""Indoor fireplace"",
  ""Iron"",
  ""Private entrance"",
  ""Hangers"",
  ""TV"",
  ""Backyard"",
  ""Cooking basics"",
  ""Coffee maker"",
  ""Dedicated workspace"",
  ""Extra pillows and blankets"",
  ""Essentials"",
  ""Kitchen"",
  ""Long term stays allowed"",
  ""Patio or balcony"",
  ""Smoke alarm""
]"
743759,2009-02-15 00:00:00.000000000,"[
  ""Essentials"",
  ""Carbon monoxide alarm"",
  ""Fire extinguisher"",
  ""Long term stays allowed"",
  ""Wifi"",
  ""Heating"",
  ""Smoke alarm""
]"
743759,2020-07-28 00:00:00.000000000,"[
  ""Air conditioning"",
  ""Essentials"",
  ""Carbon monoxide alarm"",
  ""Fire extinguisher"",
  ""Long term stays allowed"",
  ""Wifi"",
  ""Heating"",
  ""Smoke alarm""
]"
753446,2012-10-24 00:00:00.000000000,"[
  ""Hair dryer"",
  ""Smoke alarm"",
  ""Hangers"",
  ""Free street parking"",
  ""Essentials"",
  ""Carbon monoxide alarm"",
  ""Long term stays allowed"",
  ""Wifi"",
  ""Heating"",
  ""Shampoo"",
  ""Coffee maker""
]"
753446,2020-07-18 00:00:00.000000000,"[
  ""Hair dryer"",
  ""Smoke alarm"",
  ""Hangers"",
  ""Free street parking"",
  ""Essentials"",
  ""Carbon monoxide alarm"",
  ""Long term stays allowed"",
  ""Wifi"",
  ""Heating"",
  ""Dishes and silverware"",
  ""Shampoo"",
  ""Coffee maker""
]"
801680,2020-09-07 00:00:00.000000000,"[
  ""Oven"",
  ""Washer"",
  ""Dishwasher"",
  ""Free street parking"",
  ""Fire extinguisher"",
  ""Wifi"",
  ""Shampoo"",
  ""Stove"",
  ""Luggage dropoff allowed"",
  ""Microwave"",
  ""Carbon monoxide alarm"",
  ""Dryer"",
  ""Keypad"",
  ""Heating"",
  ""Hair dryer"",
  ""Hot water"",
  ""Refrigerator"",
  ""Iron"",
  ""Hangers"",
  ""TV"",
  ""Cooking basics"",
  ""Coffee maker"",
  ""Dedicated workspace"",
  ""Air conditioning"",
  ""Bathtub"",
  ""Essentials"",
  ""Kitchen"",
  ""Long term stays allowed"",
  ""Dishes and silverware"",
  ""Smoke alarm""
]"
801680,2009-02-19 00:00:00.000000000,"[
  ""Oven"",
  ""Washer"",
  ""Dishwasher"",
  ""Free street parking"",
  ""Fire extinguisher"",
  ""Wifi"",
  ""Shampoo"",
  ""Stove"",
  ""Luggage dropoff allowed"",
  ""Microwave"",
  ""Carbon monoxide alarm"",
  ""Dryer"",
  ""Keypad"",
  ""Heating"",
  ""Hair dryer"",
  ""Hot water"",
  ""Refrigerator"",
  ""Iron"",
  ""Hangers"",
  ""TV"",
  ""Cooking basics"",
  ""Coffee maker"",
  ""Dedicated workspace"",
  ""Bathtub"",
  ""Essentials"",
  ""Kitchen"",
  ""Long term stays allowed"",
  ""Smoke alarm""
]"
820073,2020-12-31 00:00:00.000000000,"[
  ""Elevator"",
  ""Oven"",
  ""Washer"",
  ""Body soap"",
  ""Dishwasher"",
  ""Freezer"",
  ""65 inch HDTV with Netflix, HBO Max, Amazon Prime Video, standard cable"",
  ""First aid kit"",
  ""Bed linens"",
  ""Wifi"",
  ""Shampoo"",
  ""Stove"",
  ""Cable TV"",
  ""Microwave"",
  ""Carbon monoxide alarm"",
  ""Dryer"",
  ""Heating"",
  ""Hair dryer"",
  ""Hot water"",
  ""Refrigerator"",
  ""Iron"",
  ""Hangers"",
  ""Paid parking off premises"",
  ""Cooking basics"",
  ""Coffee maker"",
  ""Dedicated workspace"",
  ""Extra pillows and blankets"",
  ""Portable fans"",
  ""Conditioner"",
  ""Essentials"",
  ""Kitchen"",
  ""Baking sheet"",
  ""Long term stays allowed"",
  ""Dishes and silverware"",
  ""Smoke alarm""
]"
820073,2012-03-12 00:00:00.000000000,"[
  ""Elevator"",
  ""Oven"",
  ""Washer"",
  ""Body soap"",
  ""Dishwasher"",
  ""Freezer"",
  ""65 inch HDTV with Netflix, HBO Max, Amazon Prime Video, standard cable"",
  ""First aid kit"",
  ""Bed linens"",
  ""Wifi"",
  ""Shampoo"",
  ""Stove"",
  ""Cable TV"",
  ""Microwave"",
  ""Carbon monoxide alarm"",
  ""Dryer"",
  ""Heating"",
  ""Hair dryer"",
  ""Hot water"",
  ""Refrigerator"",
  ""Iron"",
  ""Hangers"",
  ""Paid parking off premises"",
  ""Cooking basics"",
  ""Coffee maker"",
  ""Dedicated workspace"",
  ""Extra pillows and blankets"",
  ""Portable fans"",
  ""Conditioner"",
  ""Essentials"",
  ""Kitchen"",
  ""Baking sheet"",
  ""Long term stays allowed"",
  ""Smoke alarm""
]"
863788,2021-06-18 00:00:00.000000000,"[
  ""Toaster"",
  ""Lockbox"",
  ""Oven"",
  ""Washer"",
  ""Body soap"",
  ""Wine glasses"",
  ""Freezer"",
  ""Dishwasher"",
  ""Fire extinguisher"",
  ""Bed linens"",
  ""Clothing storage: closet and dresser"",
  ""Wifi"",
  ""Cleaning products"",
  ""Shampoo"",
  ""Stove"",
  ""Cable TV"",
  ""Microwave"",
  ""Carbon monoxide alarm"",
  ""Dryer"",
  ""Long term stays allowed"",
  ""Heating"",
  ""Hair dryer"",
  ""Hot water"",
  ""Board games"",
  ""Refrigerator"",
  ""Iron"",
  ""Dining table"",
  ""Private entrance"",
  ""Hangers"",
  ""Ceiling fan"",
  ""BBQ grill"",
  ""Paid parking off premises"",
  ""Cooking basics"",
  ""Coffee maker"",
  ""Dedicated workspace"",
  ""Ethernet connection"",
  ""Extra pillows and blankets"",
  ""TV with standard cable"",
  ""Portable fans"",
  ""Air conditioning"",
  ""Conditioner"",
  ""Barbecue utensils"",
  ""Essentials"",
  ""Kitchen"",
  ""Baking sheet"",
  ""Outdoor furniture"",
  ""Patio or balcony"",
  ""Dishes and silverware"",
  ""Smoke alarm""
]"
863788,2011-07-04 00:00:00.000000000,"[
  ""Toaster"",
  ""Lockbox"",
  ""Oven"",
  ""Washer"",
  ""Body soap"",
  ""Wine glasses"",
  ""Freezer"",
  ""Dishwasher"",
  ""Fire extinguisher"",
  ""Bed linens"",
  ""Clothing storage: closet and dresser"",
  ""Wifi"",
  ""Cleaning products"",
  ""Shampoo"",
  ""Stove"",
  ""Cable TV"",
  ""Microwave"",
  ""Carbon monoxide alarm"",
  ""Dryer"",
  ""Long term stays allowed"",
  ""Heating"",
  ""Hair dryer"",
  ""Hot water"",
  ""Board games"",
  ""Refrigerator"",
  ""Iron"",
  ""Dining table"",
  ""Private entrance"",
  ""Hangers"",
  ""Ceiling fan"",
  ""BBQ grill"",
  ""Paid parking off premises"",
  ""Cooking basics"",
  ""Coffee maker"",
  ""Dedicated workspace"",
  ""Ethernet connection"",
  ""Extra pillows and blankets"",
  ""TV with standard cable"",
  ""Portable fans"",
  ""Conditioner"",
  ""Barbecue utensils"",
  ""Essentials"",
  ""Kitchen"",
  ""Baking sheet"",
  ""Outdoor furniture"",
  ""Patio or balcony"",
  ""Smoke alarm""
]"
891661,2013-01-17 00:00:00.000000000,"[
  ""TV with standard cable"",
  ""Cable TV"",
  ""Essentials"",
  ""Carbon monoxide alarm"",
  ""Kitchen"",
  ""Long term stays allowed"",
  ""Wifi"",
  ""Heating"",
  ""Smoke alarm""
]"
891661,2020-10-05 00:00:00.000000000,"[
  ""TV with standard cable"",
  ""Air conditioning"",
  ""Cable TV"",
  ""Essentials"",
  ""Carbon monoxide alarm"",
  ""Kitchen"",
  ""Long term stays allowed"",
  ""Wifi"",
  ""Heating"",
  ""Smoke alarm""
]"
1038465,2021-05-09 00:00:00.000000000,"[
  ""Hot water"",
  ""Host greets you"",
  ""TV with standard cable"",
  ""Air conditioning"",
  ""Cable TV"",
  ""Private entrance"",
  ""Essentials"",
  ""Paid parking off premises"",
  ""Long term stays allowed"",
  ""Wifi"",
  ""Heating"",
  ""Smoke alarm""
]"
1038465,2010-02-26 00:00:00.000000000,"[
  ""Hot water"",
  ""Host greets you"",
  ""TV with standard cable"",
  ""Cable TV"",
  ""Private entrance"",
  ""Essentials"",
  ""Paid parking off premises"",
  ""Long term stays allowed"",
  ""Wifi"",
  ""Heating"",
  ""Smoke alarm""
]"
1055627,2020-11-04 00:00:00.000000000,"[
  ""Hot water"",
  ""Elevator"",
  ""Host greets you"",
  ""TV with standard cable"",
  ""Washer"",
  ""Air conditioning"",
  ""Iron"",
  ""Cable TV"",
  ""Smoke alarm"",
  ""Hangers"",
  ""Luggage dropoff allowed"",
  ""Heating"",
  ""Dryer"",
  ""Fire extinguisher"",
  ""Kitchen"",
  ""Long term stays allowed"",
  ""Wifi"",
  ""Hair dryer"",
  ""Shampoo"",
  ""Dedicated workspace""
]"
1055627,2012-12-01 00:00:00.000000000,"[
  ""Hot water"",
  ""Elevator"",
  ""Host greets you"",
  ""TV with standard cable"",
  ""Washer"",
  ""Iron"",
  ""Cable TV"",
  ""Smoke alarm"",
  ""Hangers"",
  ""Luggage dropoff allowed"",
  ""Heating"",
  ""Dryer"",
  ""Fire extinguisher"",
  ""Kitchen"",
  ""Long term stays allowed"",
  ""Wifi"",
  ""Hair dryer"",
  ""Shampoo"",
  ""Dedicated workspace""
]"
1077105,2013-04-14 00:00:00.000000000,"[
  ""Long term stays allowed""
]"
1077105,2020-12-15 00:00:00.000000000,"[
  ""Long term stays allowed""
]"
1109224,2011-12-23 00:00:00.000000000,"[
  ""Building staff"",
  ""Oven"",
  ""Washer"",
  ""Dishwasher"",
  ""Free street parking"",
  ""First aid kit"",
  ""Fire extinguisher"",
  ""Wifi"",
  ""Shampoo"",
  ""Stove"",
  ""Cable TV"",
  ""Luggage dropoff allowed"",
  ""Microwave"",
  ""Carbon monoxide alarm"",
  ""Dryer"",
  ""Heating"",
  ""Hair dryer"",
  ""Hot water"",
  ""Refrigerator"",
  ""Indoor fireplace"",
  ""Iron"",
  ""Private entrance"",
  ""Hangers"",
  ""Backyard"",
  ""Cooking basics"",
  ""Coffee maker"",
  ""Dedicated workspace"",
  ""TV with standard cable"",
  ""Conditioner"",
  ""Bathtub"",
  ""Essentials"",
  ""Kitchen"",
  ""Long term stays allowed"",
  ""Smoke alarm""
]"
1109224,2020-07-17 00:00:00.000000000,"[
  ""Building staff"",
  ""Oven"",
  ""Washer"",
  ""Dishwasher"",
  ""Free street parking"",
  ""First aid kit"",
  ""Fire extinguisher"",
  ""Wifi"",
  ""Shampoo"",
  ""Stove"",
  ""Cable TV"",
  ""Luggage dropoff allowed"",
  ""Microwave"",
  ""Carbon monoxide alarm"",
  ""Dryer"",
  ""Heating"",
  ""Hair dryer"",
  ""Hot water"",
  ""Refrigerator"",
  ""Indoor fireplace"",
  ""Iron"",
  ""Private entrance"",
  ""Hangers"",
  ""Backyard"",
  ""Cooking basics"",
  ""Coffee maker"",
  ""Dedicated workspace"",
  ""TV with standard cable"",
  ""Air conditioning"",
  ""Conditioner"",
  ""Bathtub"",
  ""Essentials"",
  ""Kitchen"",
  ""Long term stays allowed"",
  ""Dishes and silverware"",
  ""Smoke alarm""
]"
1128894,2020-12-29 00:00:00.000000000,"[
  ""Hot water"",
  ""TV with standard cable"",
  ""Washer"",
  ""Air conditioning"",
  ""Cable TV"",
  ""Free street parking"",
  ""Lock on bedroom door"",
  ""First aid kit"",
  ""Essentials"",
  ""Dryer"",
  ""Carbon monoxide alarm"",
  ""Kitchen"",
  ""Free parking on premises"",
  ""Long term stays allowed"",
  ""Wifi"",
  ""Hair dryer"",
  ""Smoke alarm""
]"
1128894,2013-04-26 00:00:00.000000000,"[
  ""Hot water"",
  ""TV with standard cable"",
  ""Washer"",
  ""Cable TV"",
  ""Free street parking"",
  ""Lock on bedroom door"",
  ""First aid kit"",
  ""Essentials"",
  ""Dryer"",
  ""Carbon monoxide alarm"",
  ""Kitchen"",
  ""Long term stays allowed"",
  ""Wifi"",
  ""Hair dryer"",
  ""Smoke alarm""
]"
1167987,2009-02-15 00:00:00.000000000,"[
  ""First aid kit"",
  ""Essentials"",
  ""Carbon monoxide alarm"",
  ""Fire extinguisher"",
  ""Long term stays allowed"",
  ""Wifi"",
  ""Heating"",
  ""Smoke alarm""
]"
1167987,2020-11-19 00:00:00.000000000,"[
  ""Air conditioning"",
  ""First aid kit"",
  ""Essentials"",
  ""Carbon monoxide alarm"",
  ""Fire extinguisher"",
  ""Long term stays allowed"",
  ""Wifi"",
  ""Heating"",
  ""Smoke alarm""
]"
1252489,2013-06-09 00:00:00.000000000,"[
  ""TV with standard cable"",
  ""Washer"",
  ""Indoor fireplace"",
  ""Iron"",
  ""Cable TV"",
  ""Hangers"",
  ""Essentials"",
  ""Dryer"",
  ""Fire extinguisher"",
  ""Kitchen"",
  ""Long term stays allowed"",
  ""Wifi"",
  ""Heating"",
  ""Shampoo""
]"
1252489,2020-07-29 00:00:00.000000000,"[
  ""TV with standard cable"",
  ""Washer"",
  ""Indoor fireplace"",
  ""Iron"",
  ""Cable TV"",
  ""Air conditioning"",
  ""Hangers"",
  ""Essentials"",
  ""Dryer"",
  ""Fire extinguisher"",
  ""Kitchen"",
  ""Long term stays allowed"",
  ""Wifi"",
  ""Heating"",
  ""Shampoo""
]"
1303261,2012-04-11 00:00:00.000000000,"[
  ""Lockbox"",
  ""Oven"",
  ""Washer"",
  ""Dishwasher"",
  ""First aid kit"",
  ""Fire extinguisher"",
  ""Bed linens"",
  ""Wifi"",
  ""Shampoo"",
  ""Stove"",
  ""Cable TV"",
  ""Carbon monoxide alarm"",
  ""Dryer"",
  ""Heating"",
  ""Hair dryer"",
  ""Hot water"",
  ""Refrigerator"",
  ""Iron"",
  ""Hangers"",
  ""Paid parking off premises"",
  ""Dedicated workspace"",
  ""Extra pillows and blankets"",
  ""TV with standard cable"",
  ""Essentials"",
  ""Kitchen"",
  ""Children’s books and toys"",
  ""Long term stays allowed"",
  ""Smoke alarm""
]"
1303261,2021-04-16 00:00:00.000000000,"[
  ""Lockbox"",
  ""Oven"",
  ""Washer"",
  ""Dishwasher"",
  ""First aid kit"",
  ""Fire extinguisher"",
  ""Bed linens"",
  ""Wifi"",
  ""Shampoo"",
  ""Stove"",
  ""Cable TV"",
  ""Carbon monoxide alarm"",
  ""Dryer"",
  ""Heating"",
  ""Hair dryer"",
  ""Hot water"",
  ""Refrigerator"",
  ""Iron"",
  ""Hangers"",
  ""Paid parking off premises"",
  ""Dedicated workspace"",
  ""Extra pillows and blankets"",
  ""TV with standard cable"",
  ""Air conditioning"",
  ""Essentials"",
  ""Kitchen"",
  ""Children’s books and toys"",
  ""Long term stays allowed"",
  ""Dishes and silverware"",
  ""Smoke alarm""
]"
1374434,2021-02-22 00:00:00.000000000,"[
  ""Host greets you"",
  ""Oven"",
  ""Washer"",
  ""Free street parking"",
  ""First aid kit"",
  ""Fire extinguisher"",
  ""Wifi"",
  ""Stove"",
  ""Microwave"",
  ""Carbon monoxide alarm"",
  ""Dryer"",
  ""Heating"",
  ""Hair dryer"",
  ""Hot water"",
  ""Refrigerator"",
  ""Iron"",
  ""Hangers"",
  ""Backyard"",
  ""Cooking basics"",
  ""Coffee maker"",
  ""Dedicated workspace"",
  ""Essentials"",
  ""Kitchen"",
  ""Baking sheet"",
  ""Long term stays allowed"",
  ""Patio or balcony"",
  ""Dishes and silverware"",
  ""Smoke alarm""
]"
1374434,2010-10-06 00:00:00.000000000,"[
  ""Host greets you"",
  ""Oven"",
  ""Washer"",
  ""Free street parking"",
  ""First aid kit"",
  ""Fire extinguisher"",
  ""Wifi"",
  ""Stove"",
  ""Microwave"",
  ""Carbon monoxide alarm"",
  ""Dryer"",
  ""Heating"",
  ""Hair dryer"",
  ""Hot water"",
  ""Refrigerator"",
  ""Iron"",
  ""Hangers"",
  ""Backyard"",
  ""Cooking basics"",
  ""Coffee maker"",
  ""Dedicated workspace"",
  ""Essentials"",
  ""Kitchen"",
  ""Baking sheet"",
  ""Long term stays allowed"",
  ""Patio or balcony"",
  ""Smoke alarm""
]"
1374466,2021-04-25 00:00:00.000000000,"[
  ""Host greets you"",
  ""Oven"",
  ""Washer"",
  ""Free street parking"",
  ""First aid kit"",
  ""Fire extinguisher"",
  ""Wifi"",
  ""Stove"",
  ""Microwave"",
  ""Carbon monoxide alarm"",
  ""Dryer"",
  ""Heating"",
  ""Hair dryer"",
  ""Hot water"",
  ""Refrigerator"",
  ""Iron"",
  ""Private entrance"",
  ""Hangers"",
  ""Backyard"",
  ""Cooking basics"",
  ""Coffee maker"",
  ""Dedicated workspace"",
  ""Essentials"",
  ""Kitchen"",
  ""Long term stays allowed"",
  ""Patio or balcony"",
  ""Dishes and silverware"",
  ""Smoke alarm""
]"
1374466,2010-10-06 00:00:00.000000000,"[
  ""Host greets you"",
  ""Oven"",
  ""Washer"",
  ""Free street parking"",
  ""First aid kit"",
  ""Fire extinguisher"",
  ""Wifi"",
  ""Stove"",
  ""Microwave"",
  ""Carbon monoxide alarm"",
  ""Dryer"",
  ""Heating"",
  ""Hair dryer"",
  ""Hot water"",
  ""Refrigerator"",
  ""Iron"",
  ""Private entrance"",
  ""Hangers"",
  ""Backyard"",
  ""Cooking basics"",
  ""Coffee maker"",
  ""Dedicated workspace"",
  ""Essentials"",
  ""Kitchen"",
  ""Long term stays allowed"",
  ""Patio or balcony"",
  ""Smoke alarm""
]"
1403408,2010-10-06 00:00:00.000000000,"[
  ""Host greets you"",
  ""Oven"",
  ""Washer"",
  ""Free street parking"",
  ""First aid kit"",
  ""Fire extinguisher"",
  ""Bed linens"",
  ""Wifi"",
  ""Stove"",
  ""Microwave"",
  ""Carbon monoxide alarm"",
  ""Dryer"",
  ""Heating"",
  ""Hair dryer"",
  ""Hot water"",
  ""Refrigerator"",
  ""Iron"",
  ""Private entrance"",
  ""Hangers"",
  ""Backyard"",
  ""Cooking basics"",
  ""Coffee maker"",
  ""Dedicated workspace"",
  ""Extra pillows and blankets"",
  ""Essentials"",
  ""Kitchen"",
  ""Baking sheet"",
  ""Long term stays allowed"",
  ""Patio or balcony"",
  ""Smoke alarm""
]"
1403408,2021-03-06 00:00:00.000000000,"[
  ""Host greets you"",
  ""Oven"",
  ""Washer"",
  ""Free street parking"",
  ""First aid kit"",
  ""Fire extinguisher"",
  ""Bed linens"",
  ""Wifi"",
  ""Stove"",
  ""Microwave"",
  ""Carbon monoxide alarm"",
  ""Dryer"",
  ""Heating"",
  ""Hair dryer"",
  ""Hot water"",
  ""Refrigerator"",
  ""Iron"",
  ""Private entrance"",
  ""Hangers"",
  ""Backyard"",
  ""Cooking basics"",
  ""Coffee maker"",
  ""Dedicated workspace"",
  ""Extra pillows and blankets"",
  ""Essentials"",
  ""Kitchen"",
  ""Baking sheet"",
  ""Long term stays allowed"",
  ""Patio or balcony"",
  ""Dishes and silverware"",
  ""Smoke alarm""
]"
1454258,2020-07-23 00:00:00.000000000,"[
  ""Refrigerator"",
  ""Breakfast"",
  ""Air conditioning"",
  ""Microwave"",
  ""Free parking on premises"",
  ""Long term stays allowed"",
  ""Wifi"",
  ""Heating"",
  ""Dishes and silverware"",
  ""Smoke alarm"",
  ""Coffee maker""
]"
1454258,2013-07-29 00:00:00.000000000,"[
  ""Refrigerator"",
  ""Breakfast"",
  ""Microwave"",
  ""Long term stays allowed"",
  ""Wifi"",
  ""Heating"",
  ""Smoke alarm"",
  ""Coffee maker""
]"
1510876,2013-07-29 00:00:00.000000000,"[
  ""Breakfast"",
  ""Long term stays allowed"",
  ""Wifi"",
  ""Heating"",
  ""Coffee maker""
]"
1510876,2020-08-26 00:00:00.000000000,"[
  ""Breakfast"",
  ""Air conditioning"",
  ""Free parking on premises"",
  ""Long term stays allowed"",
  ""Wifi"",
  ""Heating"",
  ""Coffee maker""
]"
1541166,2011-05-02 00:00:00.000000000,"[
  ""Lockbox"",
  ""Oven"",
  ""Washer"",
  ""Dishwasher"",
  ""Free street parking"",
  ""Fire extinguisher"",
  ""Wifi"",
  ""Shampoo"",
  ""Stove"",
  ""Microwave"",
  ""Carbon monoxide alarm"",
  ""Dryer"",
  ""Heating"",
  ""Hair dryer"",
  ""Hot water"",
  ""Refrigerator"",
  ""Iron"",
  ""Hangers"",
  ""TV"",
  ""Paid parking off premises"",
  ""Cooking basics"",
  ""Essentials"",
  ""Kitchen"",
  ""Long term stays allowed"",
  ""Smoke alarm""
]"
1541166,2020-09-28 00:00:00.000000000,"[
  ""Lockbox"",
  ""Oven"",
  ""Washer"",
  ""Dishwasher"",
  ""Free street parking"",
  ""Fire extinguisher"",
  ""Wifi"",
  ""Shampoo"",
  ""Stove"",
  ""Microwave"",
  ""Carbon monoxide alarm"",
  ""Dryer"",
  ""Heating"",
  ""Hair dryer"",
  ""Hot water"",
  ""Refrigerator"",
  ""Iron"",
  ""Hangers"",
  ""TV"",
  ""Paid parking off premises"",
  ""Cooking basics"",
  ""Air conditioning"",
  ""Essentials"",
  ""Kitchen"",
  ""Long term stays allowed"",
  ""Dishes and silverware"",
  ""Smoke alarm""
]"
1544144,2020-10-24 00:00:00.000000000,"[
  ""Washer"",
  ""Free street parking"",
  ""Fire extinguisher"",
  ""Bed linens"",
  ""Wifi"",
  ""Shampoo"",
  ""Cable TV"",
  ""Luggage dropoff allowed"",
  ""Carbon monoxide alarm"",
  ""Dryer"",
  ""Heating"",
  ""Hair dryer"",
  ""Hot water"",
  ""Shower gel"",
  ""Indoor fireplace"",
  ""Iron"",
  ""Private entrance"",
  ""Hangers"",
  ""Coffee maker"",
  ""Dedicated workspace"",
  ""Extra pillows and blankets"",
  ""TV with standard cable"",
  ""Air conditioning"",
  ""Essentials"",
  ""Kitchen"",
  ""Long term stays allowed"",
  ""Dishes and silverware"",
  ""Smoke alarm""
]"
1544144,2013-07-08 00:00:00.000000000,"[
  ""Washer"",
  ""Free street parking"",
  ""Fire extinguisher"",
  ""Bed linens"",
  ""Wifi"",
  ""Shampoo"",
  ""Cable TV"",
  ""Luggage dropoff allowed"",
  ""Carbon monoxide alarm"",
  ""Dryer"",
  ""Heating"",
  ""Hair dryer"",
  ""Hot water"",
  ""Shower gel"",
  ""Indoor fireplace"",
  ""Iron"",
  ""Private entrance"",
  ""Hangers"",
  ""Coffee maker"",
  ""Dedicated workspace"",
  ""Extra pillows and blankets"",
  ""TV with standard cable"",
  ""Essentials"",
  ""Kitchen"",
  ""Long term stays allowed"",
  ""Smoke alarm""
]"
1551205,2021-06-09 00:00:00.000000000,"[
  ""Elevator"",
  ""TV with standard cable"",
  ""Washer"",
  ""Air conditioning"",
  ""Cable TV"",
  ""Carbon monoxide alarm"",
  ""Dryer"",
  ""Fire extinguisher"",
  ""Kitchen"",
  ""Long term stays allowed"",
  ""Wifi"",
  ""Heating"",
  ""Smoke alarm""
]"
1551205,2013-08-19 00:00:00.000000000,"[
  ""Elevator"",
  ""TV with standard cable"",
  ""Washer"",
  ""Cable TV"",
  ""Carbon monoxide alarm"",
  ""Dryer"",
  ""Fire extinguisher"",
  ""Kitchen"",
  ""Long term stays allowed"",
  ""Wifi"",
  ""Heating"",
  ""Smoke alarm""
]"
1644031,2020-11-03 00:00:00.000000000,"[
  ""Refrigerator"",
  ""TV with standard cable"",
  ""Air conditioning"",
  ""Iron"",
  ""Cable TV"",
  ""Hangers"",
  ""Lock on bedroom door"",
  ""Essentials"",
  ""Heating"",
  ""Bed linens"",
  ""Carbon monoxide alarm"",
  ""Fire extinguisher"",
  ""Long term stays allowed"",
  ""Wifi"",
  ""Hair dryer"",
  ""Coffee maker"",
  ""Smoke alarm"",
  ""Dedicated workspace""
]"
1644031,2013-09-09 00:00:00.000000000,"[
  ""Refrigerator"",
  ""TV with standard cable"",
  ""Iron"",
  ""Cable TV"",
  ""Hangers"",
  ""Lock on bedroom door"",
  ""Essentials"",
  ""Heating"",
  ""Bed linens"",
  ""Carbon monoxide alarm"",
  ""Fire extinguisher"",
  ""Long term stays allowed"",
  ""Wifi"",
  ""Hair dryer"",
  ""Coffee maker"",
  ""Smoke alarm"",
  ""Dedicated workspace""
]"
1677807,2021-04-02 00:00:00.000000000,"[
  ""Oven"",
  ""Washer"",
  ""Dishwasher"",
  ""Free street parking"",
  ""First aid kit"",
  ""Fire extinguisher"",
  ""Bed linens"",
  ""Wifi"",
  ""Shampoo"",
  ""Stove"",
  ""Luggage dropoff allowed"",
  ""Microwave"",
  ""Carbon monoxide alarm"",
  ""Dryer"",
  ""Free parking on premises"",
  ""Keypad"",
  ""Heating"",
  ""Hair dryer"",
  ""Hot water"",
  ""Refrigerator"",
  ""Iron"",
  ""Private entrance"",
  ""Hangers"",
  ""TV"",
  ""Backyard"",
  ""Cooking basics"",
  ""Coffee maker"",
  ""Dedicated workspace"",
  ""Extra pillows and blankets"",
  ""Air conditioning"",
  ""Essentials"",
  ""Kitchen"",
  ""Baking sheet"",
  ""Long term stays allowed"",
  ""Patio or balcony"",
  ""Dishes and silverware"",
  ""Smoke alarm""
]"
1677807,2012-11-19 00:00:00.000000000,"[
  ""Oven"",
  ""Washer"",
  ""Dishwasher"",
  ""Free street parking"",
  ""First aid kit"",
  ""Fire extinguisher"",
  ""Bed linens"",
  ""Wifi"",
  ""Shampoo"",
  ""Stove"",
  ""Luggage dropoff allowed"",
  ""Microwave"",
  ""Carbon monoxide alarm"",
  ""Dryer"",
  ""Keypad"",
  ""Heating"",
  ""Hair dryer"",
  ""Hot water"",
  ""Refrigerator"",
  ""Iron"",
  ""Private entrance"",
  ""Hangers"",
  ""TV"",
  ""Backyard"",
  ""Cooking basics"",
  ""Coffee maker"",
  ""Dedicated workspace"",
  ""Extra pillows and blankets"",
  ""Essentials"",
  ""Kitchen"",
  ""Baking sheet"",
  ""Long term stays allowed"",
  ""Patio or balcony"",
  ""Smoke alarm""
]"
1682936,2021-02-25 00:00:00.000000000,"[
  ""Lockbox"",
  ""Oven"",
  ""Washer"",
  ""Dishwasher"",
  ""Wifi"",
  ""Shampoo"",
  ""Stove"",
  ""Microwave"",
  ""Carbon monoxide alarm"",
  ""Dryer"",
  ""Heating"",
  ""Hair dryer"",
  ""Hot water"",
  ""Refrigerator"",
  ""Iron"",
  ""Hangers"",
  ""TV"",
  ""Backyard"",
  ""Cooking basics"",
  ""Coffee maker"",
  ""Air conditioning"",
  ""Essentials"",
  ""Kitchen"",
  ""Long term stays allowed"",
  ""Dishes and silverware"",
  ""Smoke alarm""
]"
1682936,2013-09-17 00:00:00.000000000,"[
  ""Lockbox"",
  ""Oven"",
  ""Washer"",
  ""Dishwasher"",
  ""Wifi"",
  ""Shampoo"",
  ""Stove"",
  ""Microwave"",
  ""Carbon monoxide alarm"",
  ""Dryer"",
  ""Heating"",
  ""Hair dryer"",
  ""Hot water"",
  ""Refrigerator"",
  ""Iron"",
  ""Hangers"",
  ""TV"",
  ""Backyard"",
  ""Cooking basics"",
  ""Coffee maker"",
  ""Essentials"",
  ""Kitchen"",
  ""Long term stays allowed"",
  ""Smoke alarm""
]"
1692573,2013-09-13 00:00:00.000000000,"[
  ""Free street parking"",
  ""Fire extinguisher"",
  ""Bed linens"",
  ""Wifi"",
  ""Shampoo"",
  ""Cable TV"",
  ""Luggage dropoff allowed"",
  ""Microwave"",
  ""Carbon monoxide alarm"",
  ""Heating"",
  ""Hair dryer"",
  ""Baby safety gates"",
  ""Hot water"",
  ""Refrigerator"",
  ""Hangers"",
  ""Cooking basics"",
  ""Coffee maker"",
  ""Dedicated workspace"",
  ""Crib"",
  ""TV with standard cable"",
  ""Essentials"",
  ""Children’s books and toys"",
  ""Long term stays allowed"",
  ""Pack ’n Play/travel crib"",
  ""Smoke alarm""
]"
1692573,2021-03-20 00:00:00.000000000,"[
  ""Free street parking"",
  ""Fire extinguisher"",
  ""Bed linens"",
  ""Wifi"",
  ""Shampoo"",
  ""Cable TV"",
  ""Luggage dropoff allowed"",
  ""Microwave"",
  ""Carbon monoxide alarm"",
  ""Heating"",
  ""Hair dryer"",
  ""Baby safety gates"",
  ""Hot water"",
  ""Refrigerator"",
  ""Hangers"",
  ""Cooking basics"",
  ""Coffee maker"",
  ""Dedicated workspace"",
  ""Crib"",
  ""TV with standard cable"",
  ""Air conditioning"",
  ""Essentials"",
  ""Children’s books and toys"",
  ""Long term stays allowed"",
  ""Pack ’n Play/travel crib"",
  ""Dishes and silverware"",
  ""Smoke alarm""
]"
